Elo Quartile,Variation,Play_Rate,Win_Rate
Q1,Accepted Triple Gambit,0,
Q1,Bb4,1,100.0
Q1,Copenhagen Defense,0,
Q1,Danish Gambit Accepted,2,100.0
Q1,Danish Gambit Declined: Sorensen Defense,0,
Q1,Offered Triple Gambit,2,100.0
Q1,Others B1,1,0.0
Q1,Others Declined,1,100.0
Q1,Others W1,0,
Q1,Qe7 Defense,0,
Q1,Schlechter Defense,0,
Q1,Take Back Gambit,0,
Q1,Take Back Triple Gambit,0,
Q2,Accepted Triple Gambit,2,100.0
Q2,Bb4,0,
Q2,Copenhagen Defense,0,
Q2,Danish Gambit Accepted,4,75.0
Q2,Danish Gambit Declined: Sorensen Defense,0,
Q2,Offered Triple Gambit,3,100.0
Q2,Others B1,4,25.0
Q2,Others Declined,1,100.0
Q2,Others W1,0,
Q2,Qe7 Defense,0,
Q2,Schlechter Defense,0,
Q2,Take Back Gambit,1,0.0
Q2,Take Back Triple Gambit,2,100.0
Q3,Accepted Triple Gambit,12,50.0
Q3,Bb4,1,100.0
Q3,Copenhagen Defense,2,50.0
Q3,Danish Gambit Accepted,24,62.5
Q3,Danish Gambit Declined: Sorensen Defense,2,100.0
Q3,Offered Triple Gambit,21,61.904761904761905
Q3,Others B1,8,50.0
Q3,Others Declined,8,75.0
Q3,Others W1,0,
Q3,Qe7 Defense,0,
Q3,Schlechter Defense,1,0.0
Q3,Take Back Gambit,3,66.66666666666666
Q3,Take Back Triple Gambit,12,50.0
Q4,Accepted Triple Gambit,52,55.769230769230774
Q4,Bb4,5,40.0
Q4,Copenhagen Defense,16,31.25
Q4,Danish Gambit Accepted,148,49.32432432432432
Q4,Danish Gambit Declined: Sorensen Defense,22,40.909090909090914
Q4,Offered Triple Gambit,120,50.83333333333333
Q4,Others B1,53,54.71698113207547
Q4,Others Declined,63,47.61904761904761
Q4,Others W1,5,80.0
Q4,Qe7 Defense,2,50.0
Q4,Schlechter Defense,2,0.0
Q4,Take Back Gambit,23,34.78260869565217
Q4,Take Back Triple Gambit,51,54.90196078431373
