Elo Quartile,Variation,Play_Rate,Win_Rate
Q1,Accepted Triple Gambit,1,0.0
Q1,Bb4,0,
Q1,Copenhagen Defense,0,
Q1,Danish Gambit Accepted,2,0.0
Q1,Danish Gambit Declined: Sorensen Defense,0,
Q1,Offered Triple Gambit,1,0.0
Q1,Others B1,0,
Q1,Others Declined,0,
Q1,Others W1,0,
Q1,Qe7 Defense,0,
Q1,Schlechter Defense,0,
Q1,Take Back Gambit,1,0.0
Q1,Take Back Triple Gambit,1,0.0
Q2,Accepted Triple Gambit,4,75.0
Q2,Bb4,0,
Q2,Copenhagen Defense,1,100.0
Q2,Danish Gambit Accepted,7,71.42857142857143
Q2,Danish Gambit Declined: Sorensen Defense,0,
Q2,Offered Triple Gambit,5,60.0
Q2,Others B1,3,66.66666666666666
Q2,Others Declined,1,0.0
Q2,Others W1,0,
Q2,Qe7 Defense,0,
Q2,Schlechter Defense,0,
Q2,Take Back Gambit,2,100.0
Q2,Take Back Triple Gambit,4,75.0
Q3,Accepted Triple Gambit,15,53.333333333333336
Q3,Bb4,0,
Q3,Copenhagen Defense,2,50.0
Q3,Danish Gambit Accepted,29,58.620689655172406
Q3,Danish Gambit Declined: Sorensen Defense,2,100.0
Q3,Offered Triple Gambit,16,50.0
Q3,Others B1,7,71.42857142857143
Q3,Others Declined,1,0.0
Q3,Others W1,2,50.0
Q3,Qe7 Defense,0,
Q3,Schlechter Defense,1,100.0
Q3,Take Back Gambit,11,72.72727272727273
Q3,Take Back Triple Gambit,14,57.14285714285714
Q4,Accepted Triple Gambit,52,32.69230769230769
Q4,Bb4,2,50.0
Q4,Copenhagen Defense,12,50.0
Q4,Danish Gambit Accepted,133,44.3609022556391
Q4,Danish Gambit Declined: Sorensen Defense,13,38.46153846153847
Q4,Offered Triple Gambit,111,43.24324324324324
Q4,Others B1,49,53.06122448979592
Q4,Others Declined,57,52.63157894736842
Q4,Others W1,8,37.5
Q4,Qe7 Defense,2,0.0
Q4,Schlechter Defense,7,57.14285714285714
Q4,Take Back Gambit,14,57.14285714285714
Q4,Take Back Triple Gambit,51,33.33333333333333
