Elo Quartile,Variation,Play_Rate,Win_Rate
Q1,Accepted Triple Gambit,0,
Q1,Bb4,0,
Q1,Copenhagen Defense,0,
Q1,Danish Gambit Accepted,1,0.0
Q1,Danish Gambit Declined: Sorensen Defense,0,
Q1,Offered Triple Gambit,0,
Q1,Others B1,0,
Q1,Others Declined,0,
Q1,Others W1,1,0.0
Q1,Qe7 Defense,0,
Q1,Schlechter Defense,0,
Q1,Take Back Gambit,0,
Q1,Take Back Triple Gambit,0,
Q2,Accepted Triple Gambit,1,0.0
Q2,Bb4,0,
Q2,Copenhagen Defense,0,
Q2,Danish Gambit Accepted,9,22.22222222222222
Q2,Danish Gambit Declined: Sorensen Defense,0,
Q2,Offered Triple Gambit,6,33.33333333333333
Q2,Others B1,3,33.33333333333333
Q2,Others Declined,5,40.0
Q2,Others W1,1,0.0
Q2,Qe7 Defense,0,
Q2,Schlechter Defense,0,
Q2,Take Back Gambit,2,0.0
Q2,Take Back Triple Gambit,1,0.0
Q3,Accepted Triple Gambit,11,72.72727272727273
Q3,Bb4,1,100.0
Q3,Copenhagen Defense,4,75.0
Q3,Danish Gambit Accepted,23,82.6086956521739
Q3,Danish Gambit Declined: Sorensen Defense,2,100.0
Q3,Offered Triple Gambit,20,80.0
Q3,Others B1,8,25.0
Q3,Others Declined,8,87.5
Q3,Others W1,2,100.0
Q3,Qe7 Defense,0,
Q3,Schlechter Defense,1,100.0
Q3,Take Back Gambit,1,100.0
Q3,Take Back Triple Gambit,11,72.72727272727273
Q4,Accepted Triple Gambit,66,65.15151515151516
Q4,Bb4,4,50.0
Q4,Copenhagen Defense,23,65.21739130434783
Q4,Danish Gambit Accepted,136,62.5
Q4,Danish Gambit Declined: Sorensen Defense,27,33.33333333333333
Q4,Offered Triple Gambit,120,60.83333333333333
Q4,Others B1,52,63.46153846153846
Q4,Others Declined,50,56.00000000000001
Q4,Others W1,6,83.33333333333334
Q4,Qe7 Defense,6,50.0
Q4,Schlechter Defense,5,60.0
Q4,Take Back Gambit,10,70.0
Q4,Take Back Triple Gambit,63,65.07936507936508
