Elo Quartile,Variation,Play_Rate,Win_Rate
Q1,Accepted Triple Gambit,0,
Q1,Bb4,2,50.0
Q1,Copenhagen Defense,0,
Q1,Danish Gambit Accepted,2,50.0
Q1,Danish Gambit Declined: Sorensen Defense,0,
Q1,Offered Triple Gambit,2,50.0
Q1,Others B1,0,
Q1,Others Declined,0,
Q1,Others W1,0,
Q1,Qe7 Defense,0,
Q1,Schlechter Defense,0,
Q1,Take Back Gambit,0,
Q1,Take Back Triple Gambit,0,
Q2,Accepted Triple Gambit,2,100.0
Q2,Bb4,0,
Q2,Copenhagen Defense,0,
Q2,Danish Gambit Accepted,2,100.0
Q2,Danish Gambit Declined: Sorensen Defense,0,
Q2,Offered Triple Gambit,2,100.0
Q2,Others B1,1,0.0
Q2,Others Declined,0,
Q2,Others W1,0,
Q2,Qe7 Defense,0,
Q2,Schlechter Defense,0,
Q2,Take Back Gambit,0,
Q2,Take Back Triple Gambit,2,100.0
Q3,Accepted Triple Gambit,10,50.0
Q3,Bb4,0,
Q3,Copenhagen Defense,2,50.0
Q3,Danish Gambit Accepted,24,41.66666666666667
Q3,Danish Gambit Declined: Sorensen Defense,1,0.0
Q3,Offered Triple Gambit,20,50.0
Q3,Others B1,7,57.14285714285714
Q3,Others Declined,10,50.0
Q3,Others W1,1,0.0
Q3,Qe7 Defense,0,
Q3,Schlechter Defense,0,
Q3,Take Back Gambit,3,0.0
Q3,Take Back Triple Gambit,10,50.0
Q4,Accepted Triple Gambit,65,52.307692307692314
Q4,Bb4,1,100.0
Q4,Copenhagen Defense,17,47.05882352941176
Q4,Danish Gambit Accepted,157,56.05095541401274
Q4,Danish Gambit Declined: Sorensen Defense,15,33.33333333333333
Q4,Offered Triple Gambit,125,56.00000000000001
Q4,Others B1,47,74.46808510638297
Q4,Others Declined,59,59.32203389830508
Q4,Others W1,11,45.45454545454545
Q4,Qe7 Defense,2,0.0
Q4,Schlechter Defense,5,40.0
Q4,Take Back Gambit,21,61.904761904761905
Q4,Take Back Triple Gambit,65,52.307692307692314
