Elo Quartile,Variation,Play_Rate,Win_Rate
Q1,Accepted Triple Gambit,0,
Q1,Bb4,0,
Q1,Copenhagen Defense,0,
Q1,Danish Gambit Accepted,1,100.0
Q1,Danish Gambit Declined: Sorensen Defense,0,
Q1,Offered Triple Gambit,0,
Q1,Others B1,0,
Q1,Others Declined,0,
Q1,Others W1,0,
Q1,Qe7 Defense,0,
Q1,Schlechter Defense,0,
Q1,Take Back Gambit,1,100.0
Q1,Take Back Triple Gambit,0,
Q2,Accepted Triple Gambit,1,0.0
Q2,Bb4,0,
Q2,Copenhagen Defense,0,
Q2,Danish Gambit Accepted,2,50.0
Q2,Danish Gambit Declined: Sorensen Defense,0,
Q2,Offered Triple Gambit,2,50.0
Q2,Others B1,0,
Q2,Others Declined,1,100.0
Q2,Others W1,0,
Q2,Qe7 Defense,0,
Q2,Schlechter Defense,0,
Q2,Take Back Gambit,0,
Q2,Take Back Triple Gambit,1,0.0
Q3,Accepted Triple Gambit,12,50.0
Q3,Bb4,0,
Q3,Copenhagen Defense,1,100.0
Q3,Danish Gambit Accepted,29,58.620689655172406
Q3,Danish Gambit Declined: Sorensen Defense,0,
Q3,Offered Triple Gambit,18,50.0
Q3,Others B1,4,100.0
Q3,Others Declined,6,50.0
Q3,Others W1,4,50.0
Q3,Qe7 Defense,0,
Q3,Schlechter Defense,0,
Q3,Take Back Gambit,7,85.71428571428571
Q3,Take Back Triple Gambit,12,50.0
Q4,Accepted Triple Gambit,53,56.60377358490566
Q4,Bb4,10,50.0
Q4,Copenhagen Defense,8,75.0
Q4,Danish Gambit Accepted,150,53.333333333333336
Q4,Danish Gambit Declined: Sorensen Defense,24,62.5
Q4,Offered Triple Gambit,125,51.2
Q4,Others B1,39,61.53846153846154
Q4,Others Declined,62,46.774193548387096
Q4,Others W1,8,62.5
Q4,Qe7 Defense,6,33.33333333333333
Q4,Schlechter Defense,4,50.0
Q4,Take Back Gambit,17,64.70588235294117
Q4,Take Back Triple Gambit,52,57.692307692307686
