Elo Quartile,Variation,Play_Rate,Win_Rate
Q1,Accepted Triple Gambit,0,
Q1,Bb4,0,
Q1,Copenhagen Defense,0,
Q1,Danish Gambit Accepted,0,
Q1,Danish Gambit Declined: Sorensen Defense,0,
Q1,Offered Triple Gambit,0,
Q1,Others B1,0,
Q1,Others Declined,0,
Q1,Others W1,0,
Q1,Qe7 Defense,0,
Q1,Schlechter Defense,0,
Q1,Take Back Gambit,0,
Q1,Take Back Triple Gambit,0,
Q2,Accepted Triple Gambit,2,50.0
Q2,Bb4,0,
Q2,Copenhagen Defense,0,
Q2,Danish Gambit Accepted,5,60.0
Q2,Danish Gambit Declined: Sorensen Defense,0,
Q2,Offered Triple Gambit,3,33.33333333333333
Q2,Others B1,1,0.0
Q2,Others Declined,1,0.0
Q2,Others W1,0,
Q2,Qe7 Defense,0,
Q2,Schlechter Defense,0,
Q2,Take Back Gambit,2,100.0
Q2,Take Back Triple Gambit,2,50.0
Q3,Accepted Triple Gambit,12,66.66666666666666
Q3,Bb4,0,
Q3,Copenhagen Defense,0,
Q3,Danish Gambit Accepted,27,55.55555555555556
Q3,Danish Gambit Declined: Sorensen Defense,1,100.0
Q3,Offered Triple Gambit,19,52.63157894736842
Q3,Others B1,3,33.33333333333333
Q3,Others Declined,7,28.57142857142857
Q3,Others W1,2,50.0
Q3,Qe7 Defense,0,
Q3,Schlechter Defense,0,
Q3,Take Back Gambit,6,66.66666666666666
Q3,Take Back Triple Gambit,12,66.66666666666666
Q4,Accepted Triple Gambit,72,56.94444444444444
Q4,Bb4,4,50.0
Q4,Copenhagen Defense,12,58.333333333333336
Q4,Danish Gambit Accepted,163,57.05521472392638
Q4,Danish Gambit Declined: Sorensen Defense,23,52.17391304347826
Q4,Offered Triple Gambit,129,58.91472868217055
Q4,Others B1,55,60.0
Q4,Others Declined,53,62.264150943396224
Q4,Others W1,7,42.857142857142854
Q4,Qe7 Defense,1,0.0
Q4,Schlechter Defense,7,57.14285714285714
Q4,Take Back Gambit,27,51.85185185185185
Q4,Take Back Triple Gambit,70,57.14285714285714
